id,valence,activation
1,0.46551186,0.46551186
