id,valence,activation
1,0.2648649,0.2648649
