id,valence,activation
1,0.22217467,0.22217467
