id,valence,activation
1,0.3975602,0.3975602
