id,valence,activation
1,0.4006017,0.4006017
