id,valence,activation
1,0.34956342,0.34956342
