id,valence,activation
1,0.5852854,0.5852854
