id,valence,activation
1,0.3371518,0.3371518
