surprise,0.6625
sad,0.10714285714285714
anger,0.075
love,0.06785714285714285
disgust,0.06785714285714285
joy,0.019642857142857142
0.24789899444642835
